Division,Department,,,,,
Girls,Capri,,,,,
Girls,Frock,,,,,
Girls,Shorts,,,,,
Girls,Casual Set,,,,,
Girls,Skirt,,,,,
Girls,Top,,,,,
Girls,Jeans,,,,,
Girls,Pyjama,,,,,
Girls,T-Shirt,,,,,
Girls,Sweatshirt,,,,,
Girls,Casual Set FS,,,,,
Girls,Legging,,,,,
Girls,Dress,,,,,
Women,Nighty,,,,,
Women,Track Pants,,,,,
Women,Salwar Suit,,,,,
Women,Kurta,,,,,
Women,Shorts,,,,,
Women,Pyjama,,,,,
Women,Night Suit,,,,,
Women,Jegging,,,,,
Women,Dress,,,,,
Women,Jeans,,,,,
Women,Top,,,,,
Women,Kurti,,,,,
Women,Fusion Palazzo,,,,,
Women,Fusion Ghagroo,,,,,
Women,T-Shirt,,,,,
Women,Shirt,,,,,
Women,Sleepwear Pyjama,,,,,
Women,Legging,,,,,
Women,Top FS,,,,,
Men,Formal Shirt FS,,,,,
Men,Casual Shirt FS,,,,,
Men,Casual Shirt,,,,,
Men,Casual Trouser,,,,,
Men,Jeans,,,,,
Men,POLO-T-SHIRT,,,,,
Men,TEES-T-SHIRT,,,,,
Men,Shorts,,,,,
Men,Track Pant,,,,,
Men,T-Shirt FS,,,,,
Men,Formal Trouser,,,,,
Men,Kurta Set,,,,,
Infant,Coordinated Sets,,,,,
Infant,Bloomer,,,,,
Infant,Coordinated Set,,,,,
Infant,Shorts,,,,,
Infant,Frock,,,,,
Infant,T-shirt,,,,,
Infant,Pyjama,,,,,
Infant,Coordinated Sets FS,,,,,
Infant,Sweater,,,,,
Infant,W-Coordinated Set,,,,,
Infant,T-shirts FS,,,,,
Infant,W-Co-ordinate set,,,,,
Infant,Coordinated Set FS,,,,,
Infant,Deffodil Suit,,,,,
Infant,Sweatshirt,,,,,
Boys,Sando,,,,,
Boys,Bermuda,,,,,
Boys,Shirt,,,,,
Boys,Capri,,,,,
Boys,Baba Suit,,,,,
Boys,Pyjama,,,,,
Boys,T-Shirt,,,,,
Boys,Jeans,,,,,
Boys,Shirt,,,,,
Boys,Trouser,,,,,
Boys,T-Shirt,,,,,
Boys,Trouser,,,,,
Boys,Shorts,,,,,
Boys,Shirt FS,,,,,
Boys,Baba Suit FS,,,,,
Boys,T-Shirt FS,,,,,
Boys,Shirt FS,,,,,
Boys,T-Shirt FS,,,,,
